"ID","InnerCode","ReportDate","SerialNumber","StockInnerCode","SharesHolding","MarketValue","RatioInNV","InvestType","XGRQ","JSID","InfoPublDate","InfoSource","ChangeOfSharesHolding","TransCode","InsertTime"
"720362304495","225768","4/6/2019 00:00:00","1","1598","18600","308016","0.0011","3","28/10/2022 14:13:44","720362304496","6/6/2019 00:00:00","基金上市公告书",,"225768","28/10/2022 14:13:40"
"720362304497","225768","4/6/2019 00:00:00","2","1774","16400","230420","0.0008","3","28/10/2022 14:13:44","720362304498","6/6/2019 00:00:00","基金上市公告书",,"225768","28/10/2022 14:13:40"
"720362304499","225768","4/6/2019 00:00:00","3","9892","3600","228888","0.0008","3","28/10/2022 14:13:44","720362304500","6/6/2019 00:00:00","基金上市公告书",,"225768","28/10/2022 14:13:40"
"720362304501","225768","4/6/2019 00:00:00","4","34997","2000","222960","0.0008","3","28/10/2022 14:13:44","720362304502","6/6/2019 00:00:00","基金上市公告书",,"225768","28/10/2022 14:13:40"
"720362304503","225768","4/6/2019 00:00:00","5","35007","2800","211344","0.0008","3","28/10/2022 14:13:44","720362304504","6/6/2019 00:00:00","基金上市公告书",,"225768","28/10/2022 14:13:40"
"720362304505","225768","4/6/2019 00:00:00","6","1290","11200","158144","0.0006","3","28/10/2022 14:13:44","720362304506","6/6/2019 00:00:00","基金上市公告书",,"225768","28/10/2022 14:13:40"
"720362304507","225768","4/6/2019 00:00:00","7","16375","12800","156416","0.0006","3","28/10/2022 14:13:44","720362304508","6/6/2019 00:00:00","基金上市公告书",,"225768","28/10/2022 14:13:40"
"720362304509","225768","4/6/2019 00:00:00","8","6197","25500","139740","0.0005","3","28/10/2022 14:13:44","720362304510","6/6/2019 00:00:00","基金上市公告书",,"225768","28/10/2022 14:13:40"
"720362304511","225768","4/6/2019 00:00:00","9","1885","16800","125832","0.0005","3","28/10/2022 14:13:44","720362304512","6/6/2019 00:00:00","基金上市公告书",,"225768","28/10/2022 14:13:40"
"720362304513","225768","4/6/2019 00:00:00","10","5735","13800","124062","0.0004","3","28/10/2022 14:13:44","720362304514","6/6/2019 00:00:00","基金上市公告书",,"225768","28/10/2022 14:13:40"
"625145629131","225768","30/9/2019 00:00:00","1","226099","7643","566881.31","0.0004","2","10/4/2022 18:23:42","702930247078","23/10/2019 00:00:00","基金季度报告",,"225768","25/3/2022 03:33:31"
"625142013789","225768","30/9/2019 00:00:00","1","3252","2238028","114340850.52","0.079","3","10/4/2022 18:23:42","702930247079","23/10/2019 00:00:00","基金季度报告",,"225768","25/3/2022 03:33:31"
"625142013783","225768","30/9/2019 00:00:00","2","226106","2557","144930.76","0.0001","2","10/4/2022 18:23:42","702930247080","23/10/2019 00:00:00","基金季度报告",,"225768","25/3/2022 03:33:31"
"625142013799","225768","30/9/2019 00:00:00","2","35007","776544","112893966.72","0.078","3","10/4/2022 18:23:42","702930247081","23/10/2019 00:00:00","基金季度报告",,"225768","25/3/2022 03:33:31"
"625142013777","225768","30/9/2019 00:00:00","3","159829","884","78198.64","0.0001","2","10/4/2022 18:23:42","702930247082","23/10/2019 00:00:00","基金季度报告",,"225768","25/3/2022 03:33:31"
"625142295820","225768","30/9/2019 00:00:00","3","34997","443560","90220104","0.0624","3","10/4/2022 18:23:42","702930247083","23/10/2019 00:00:00","基金季度报告",,"225768","25/3/2022 03:33:31"
"625142013781","225768","30/9/2019 00:00:00","4","177195","671","31094.14","0","2","10/4/2022 18:23:42","702930247084","23/10/2019 00:00:00","基金季度报告",,"225768","25/3/2022 03:33:31"
"625142013787","225768","30/9/2019 00:00:00","4","1774","5020800","86407968","0.0597","3","10/4/2022 18:23:42","702930247085","23/10/2019 00:00:00","基金季度报告",,"225768","25/3/2022 03:33:31"
"625142013779","225768","30/9/2019 00:00:00","5","159848","816","21942.24","0","2","10/4/2022 18:23:42","702930247086","23/10/2019 00:00:00","基金季度报告",,"225768","25/3/2022 03:33:31"
"625142013801","225768","30/9/2019 00:00:00","5","50936","860765","84449654.15","0.0584","3","10/4/2022 18:23:42","702930247087","23/10/2019 00:00:00","基金季度报告",,"225768","25/3/2022 03:33:31"
"625142013791","225768","30/9/2019 00:00:00","6","6178","2797453","83140303.16","0.0575","3","10/4/2022 18:23:42","702930247088","23/10/2019 00:00:00","基金季度报告",,"225768","25/3/2022 03:33:31"
"625142013795","225768","30/9/2019 00:00:00","7","9892","1007099","66045552.42","0.0456","3","10/4/2022 18:23:42","702930247089","23/10/2019 00:00:00","基金季度报告",,"225768","25/3/2022 03:33:31"
"625142013793","225768","30/9/2019 00:00:00","8","6197","11653558","63511891.1","0.0439","3","10/4/2022 18:23:42","702930247090","23/10/2019 00:00:00","基金季度报告",,"225768","25/3/2022 03:33:31"
"625142013785","225768","30/9/2019 00:00:00","9","1598","4110700","62277105","0.043","3","10/4/2022 18:23:42","702930247091","23/10/2019 00:00:00","基金季度报告",,"225768","25/3/2022 03:33:31"
"625142013797","225768","30/9/2019 00:00:00","10","16375","3356000","49970840","0.0345","3","10/4/2022 18:23:42","702930247092","23/10/2019 00:00:00","基金季度报告",,"225768","25/3/2022 03:33:31"
"632593687722","225768","31/12/2019 00:00:00","1","226099","7643","678698.4","0.0002","2","7/4/2022 03:26:34","702623801175","17/1/2020 00:00:00","基金季度报告","0","225768","25/3/2022 03:33:31"
"632593687724","225768","31/12/2019 00:00:00","1","35007","1365349","279746356.61","0.0919","3","7/4/2022 03:26:34","702623801176","17/1/2020 00:00:00","基金季度报告","588805","225768","25/3/2022 03:33:31"
"632593687726","225768","31/12/2019 00:00:00","2","223422","13249","317976","0.0001","2","7/4/2022 03:26:34","702623801177","17/1/2020 00:00:00","基金季度报告",,"225768","25/3/2022 03:33:31"
"632593687728","225768","31/12/2019 00:00:00","2","34997","979260","202021338","0.0663","3","7/4/2022 03:26:34","702623801178","17/1/2020 00:00:00","基金季度报告","535700","225768","25/3/2022 03:33:31"
"632593687730","225768","31/12/2019 00:00:00","3","228731","4306","189377.88","0.0001","2","7/4/2022 03:26:34","702623801179","17/1/2020 00:00:00","基金季度报告",,"225768","25/3/2022 03:33:31"
"632593687732","225768","31/12/2019 00:00:00","3","1774","7808000","171619840","0.0564","3","7/4/2022 03:26:34","702623801180","17/1/2020 00:00:00","基金季度报告","2787200","225768","25/3/2022 03:33:31"
"632593687734","225768","31/12/2019 00:00:00","4","222194","5790","135949.2","0","2","7/4/2022 03:26:34","702623801181","17/1/2020 00:00:00","基金季度报告",,"225768","25/3/2022 03:33:31"
"632593687736","225768","31/12/2019 00:00:00","4","50936","1171193","167949076.2","0.0552","3","7/4/2022 03:26:34","702623801182","17/1/2020 00:00:00","基金季度报告","310428","225768","25/3/2022 03:33:31"
"632593687738","225768","31/12/2019 00:00:00","5","226100","1450","131442.5","0","2","7/4/2022 03:26:34","702623801183","17/1/2020 00:00:00","基金季度报告",,"225768","25/3/2022 03:33:31"
"632593687740","225768","31/12/2019 00:00:00","5","9892","1758596","154756448","0.0508","3","7/4/2022 03:26:34","702623801184","17/1/2020 00:00:00","基金季度报告","751497","225768","25/3/2022 03:33:31"
"632593687742","225768","31/12/2019 00:00:00","6","3252","2932528","149089723.52","0.049","3","7/4/2022 03:26:34","702623801185","17/1/2020 00:00:00","基金季度报告","694500","225768","25/3/2022 03:33:31"
"632593687744","225768","31/12/2019 00:00:00","7","5264","11730000","138531300","0.0455","3","7/4/2022 03:26:34","702623801186","17/1/2020 00:00:00","基金季度报告",,"225768","25/3/2022 03:33:31"
"632593687746","225768","31/12/2019 00:00:00","8","6178","3714509","122281636.28","0.0402","3","7/4/2022 03:26:34","702623801187","17/1/2020 00:00:00","基金季度报告","917056","225768","25/3/2022 03:33:31"
"632593687748","225768","31/12/2019 00:00:00","9","6197","15438258","115323787.26","0.0379","3","7/4/2022 03:26:34","702623801188","17/1/2020 00:00:00","基金季度报告","3784700","225768","25/3/2022 03:33:31"
"632593687750","225768","31/12/2019 00:00:00","10","61439","391490","98843395.2","0.0325","3","7/4/2022 03:26:34","702623801190","17/1/2020 00:00:00","基金季度报告",,"225768","25/3/2022 03:33:31"
"640896207196","225768","31/3/2020 00:00:00","1","223248","20700","945162","0.0001","2","6/4/2022 00:27:24","702520065079","22/4/2020 00:00:00","基金季度报告","20700","225768","25/3/2022 03:33:31"
"640867985024","225768","31/3/2020 00:00:00","1","35007","4407146","1066573403.46","0.0982","3","6/4/2022 00:27:24","702520065080","22/4/2020 00:00:00","基金季度报告","3041797","225768","25/3/2022 03:33:31"
"640896207198","225768","31/3/2020 00:00:00","2","223422","13249","395880.12","0","2","6/4/2022 00:27:24","702520065081","22/4/2020 00:00:00","基金季度报告","0","225768","25/3/2022 03:33:31"
"640867985022","225768","31/3/2020 00:00:00","2","34997","3149024","821202478.72","0.0756","3","6/4/2022 00:27:24","702520065082","22/4/2020 00:00:00","基金季度报告","2169764","225768","25/3/2022 03:33:31"
"640896207200","225768","31/3/2020 00:00:00","3","237619","6833","270108.49","0","2","6/4/2022 00:27:24","702520065083","22/4/2020 00:00:00","基金季度报告","6833","225768","25/3/2022 03:33:31"
"640974198083","225768","31/3/2020 00:00:00","3","9892","5630462","654822730.6","0.0603","3","6/4/2022 00:27:24","702520065084","22/4/2020 00:00:00","基金季度报告","3871866","225768","25/3/2022 03:33:31"
"640896207205","225768","31/3/2020 00:00:00","4","237621","8807","184594.72","0","2","6/4/2022 00:27:24","702520065085","22/4/2020 00:00:00","基金季度报告","8807","225768","25/3/2022 03:33:31"
"640867101112","225768","31/3/2020 00:00:00","4","50936","3776965","588828843.5","0.0542","3","6/4/2022 00:27:24","702520065086","22/4/2020 00:00:00","基金季度报告","2605772","225768","25/3/2022 03:33:31"
"640896207210","225768","31/3/2020 00:00:00","5","226100","1450","168823.5","0","2","6/4/2022 00:27:24","702520065087","22/4/2020 00:00:00","基金季度报告","0","225768","25/3/2022 03:33:31"
"640974198085","225768","31/3/2020 00:00:00","5","5264","37535930","536388439.7","0.0494","3","6/4/2022 00:27:24","702520065088","22/4/2020 00:00:00","基金季度报告","25805930","225768","25/3/2022 03:33:31"
"640867101109","225768","31/3/2020 00:00:00","6","1774","25182605","495341840.35","0.0456","3","6/4/2022 00:27:24","702520065089","22/4/2020 00:00:00","基金季度报告","17374605","225768","25/3/2022 03:33:31"
"640974198087","225768","31/3/2020 00:00:00","7","6197","49289344","485992931.84","0.0447","3","6/4/2022 00:27:24","702520065090","22/4/2020 00:00:00","基金季度报告","33851086","225768","25/3/2022 03:33:31"
"640974198089","225768","31/3/2020 00:00:00","8","3252","9384073","468265242.7","0.0431","3","6/4/2022 00:27:24","702520065091","22/4/2020 00:00:00","基金季度报告","6451545","225768","25/3/2022 03:33:31"
"640867985026","225768","31/3/2020 00:00:00","9","61439","1251170","335763981.2","0.0309","3","6/4/2022 00:27:24","702520065092","22/4/2020 00:00:00","基金季度报告","859680","225768","25/3/2022 03:33:31"
"640873095107","225768","31/3/2020 00:00:00","10","6178","11886339","318910475.37","0.0294","3","6/4/2022 00:27:24","702520065093","22/4/2020 00:00:00","基金季度报告","8171830","225768","25/3/2022 03:33:32"
"648648405405","225768","30/6/2020 00:00:00","1","10347","577000","4431360","0.0004","2","3/4/2022 16:24:54","702318318945","21/7/2020 00:00:00","基金季度报告",,"225768","25/3/2022 03:33:32"
"648648402481","225768","30/6/2020 00:00:00","1","35007","4582859","1081142266.69","0.0941","3","3/4/2022 16:24:54","702318318946","21/7/2020 00:00:00","基金季度报告","175713","225768","25/3/2022 03:33:32"
"648648405945","225768","30/6/2020 00:00:00","2","12289","118000","1851420","0.0002","2","3/4/2022 16:24:54","702318318947","21/7/2020 00:00:00","基金季度报告",,"225768","25/3/2022 03:33:32"
"648648405955","225768","30/6/2020 00:00:00","2","5264","34122978","766402085.88","0.0667","3","3/4/2022 16:24:54","702318318948","21/7/2020 00:00:00","基金季度报告","-3412952","225768","25/3/2022 03:33:32"
"648648404356","225768","30/6/2020 00:00:00","3","223248","20700","1415466","0.0001","2","3/4/2022 16:24:54","702318318949","21/7/2020 00:00:00","基金季度报告","0","225768","25/3/2022 03:33:32"
"648648403229","225768","30/6/2020 00:00:00","3","9892","4143227","708118926.57","0.0616","3","3/4/2022 16:24:54","702318318950","21/7/2020 00:00:00","基金季度报告","-1487235","225768","25/3/2022 03:33:32"
"648648403873","225768","30/6/2020 00:00:00","4","9572","118000","838980","0.0001","2","3/4/2022 16:24:54","702318318951","21/7/2020 00:00:00","基金季度报告",,"225768","25/3/2022 03:33:32"
"648648403233","225768","30/6/2020 00:00:00","4","34997","3055876","681154760.4","0.0593","3","3/4/2022 16:24:54","702318318952","21/7/2020 00:00:00","基金季度报告","-93148","225768","25/3/2022 03:33:32"
"648648401771","225768","30/6/2020 00:00:00","5","252151","12351","726485.82","0.0001","2","3/4/2022 16:24:54","702318318953","21/7/2020 00:00:00","基金季度报告",,"225768","25/3/2022 03:33:32"
"648648405950","225768","30/6/2020 00:00:00","5","1774","19870105","621338183.35","0.0541","3","3/4/2022 16:24:54","702318318954","21/7/2020 00:00:00","基金季度报告","-5312500","225768","25/3/2022 03:33:32"
"648648404870","225768","30/6/2020 00:00:00","6","50936","3055840","617126888","0.0537","3","3/4/2022 16:24:54","702318318955","21/7/2020 00:00:00","基金季度报告","-721125","225768","25/3/2022 03:33:32"
"648648405410","225768","30/6/2020 00:00:00","7","3252","7639452","555770133","0.0484","3","3/4/2022 16:24:54","702318318956","21/7/2020 00:00:00","基金季度报告","-1744621","225768","25/3/2022 03:33:32"
"648648403875","225768","30/6/2020 00:00:00","8","6197","38197462","516811660.86","0.045","3","3/4/2022 16:24:54","702318318957","21/7/2020 00:00:00","基金季度报告","-11091882","225768","25/3/2022 03:33:32"
"648648405415","225768","30/6/2020 00:00:00","9","61439","1527781","466049594.05","0.0406","3","3/4/2022 16:24:54","702318318958","21/7/2020 00:00:00","基金季度报告","276611","225768","25/3/2022 03:33:32"
"648648403238","225768","30/6/2020 00:00:00","10","168983","935990","379796662.3","0.0331","3","3/4/2022 16:24:54","702318318960","21/7/2020 00:00:00","基金季度报告",,"225768","25/3/2022 03:33:32"
"657202472787","225768","30/9/2020 00:00:00","1","10347","577000","4783330","0.0004","2","2/4/2022 18:40:57","702240158721","28/10/2020 00:00:00","基金季度报告","0","225768","25/3/2022 03:33:32"
"657202466471","225768","30/9/2020 00:00:00","1","3252","9017038","1071043773.64","0.0795","3","2/4/2022 18:40:57","702240158722","28/10/2020 00:00:00","基金季度报告","1377586","225768","25/3/2022 03:33:32"
"657202474561","225768","30/9/2020 00:00:00","2","240641","121132","3113092.4","0.0002","2","2/4/2022 18:40:57","702240158723","28/10/2020 00:00:00","基金季度报告","121132","225768","25/3/2022 03:33:32"
"657202468883","225768","30/9/2020 00:00:00","2","35007","5560388","962558766.68","0.0715","3","2/4/2022 18:40:57","702240158724","28/10/2020 00:00:00","基金季度报告","977529","225768","25/3/2022 03:33:32"
"657202470774","225768","30/9/2020 00:00:00","3","12289","118000","2219580","0.0002","2","2/4/2022 18:40:57","702240158725","28/10/2020 00:00:00","基金季度报告","0","225768","25/3/2022 03:33:32"
"657202475360","225768","30/9/2020 00:00:00","3","5264","39483574","874561164.1","0.065","3","2/4/2022 18:40:57","702240158726","28/10/2020 00:00:00","基金季度报告","5360596","225768","25/3/2022 03:33:32"
"657202472448","225768","30/9/2020 00:00:00","4","252151","12351","688321.23","0.0001","2","2/4/2022 18:40:57","702240158727","28/10/2020 00:00:00","基金季度报告","0","225768","25/3/2022 03:33:32"
"657202466848","225768","30/9/2020 00:00:00","4","1774","23543297","842614599.63","0.0626","3","2/4/2022 18:40:57","702240158728","28/10/2020 00:00:00","基金季度报告","3673192","225768","25/3/2022 03:33:32"
"657202474208","225768","30/9/2020 00:00:00","5","239845","9201","341541.12","0","2","2/4/2022 18:40:57","702240158729","28/10/2020 00:00:00","基金季度报告","0","225768","25/3/2022 03:33:32"
"657202473096","225768","30/9/2020 00:00:00","5","9892","5187005","825045015.3","0.0613","3","2/4/2022 18:40:57","702240158730","28/10/2020 00:00:00","基金季度报告","1043778","225768","25/3/2022 03:33:32"
"657202474300","225768","30/9/2020 00:00:00","6","50936","3636147","641972393.39","0.0477","3","2/4/2022 18:40:57","702240158731","28/10/2020 00:00:00","基金季度报告","580307","225768","25/3/2022 03:33:32"
"657202465867","225768","30/9/2020 00:00:00","7","6197","45710457","626233260.9","0.0465","3","2/4/2022 18:40:57","702240158732","28/10/2020 00:00:00","基金季度报告","7512995","225768","25/3/2022 03:33:32"
"657202473538","225768","30/9/2020 00:00:00","8","61439","2007671","600996313.85","0.0446","3","2/4/2022 18:40:57","702240158733","28/10/2020 00:00:00","基金季度报告","479890","225768","25/3/2022 03:33:32"
"657202474638","225768","30/9/2020 00:00:00","9","34997","3636706","572017486.74","0.0425","3","2/4/2022 18:40:57","702240158734","28/10/2020 00:00:00","基金季度报告","580830","225768","25/3/2022 03:33:32"
"657202469579","225768","30/9/2020 00:00:00","10","168983","1156950","437095710","0.0325","3","2/4/2022 18:40:57","702240158735","28/10/2020 00:00:00","基金季度报告","220960","225768","25/3/2022 03:33:32"
"664628436780","225768","31/12/2020 00:00:00","1","71995","160000","6681600","0.0005","2","29/3/2022 22:51:40","701910362825","22/1/2021 00:00:00","基金季度报告",,"225768","25/3/2022 03:33:32"
"664628436784","225768","31/12/2020 00:00:00","1","50936","6064103","1389178203.3","0.0939","3","29/3/2022 22:51:40","701910362828","22/1/2021 00:00:00","基金季度报告","2427956","225768","25/3/2022 03:33:32"
"664628435746","225768","31/12/2020 00:00:00","2","4908","369600","2576112","0.0002","2","29/3/2022 22:51:40","701910362831","22/1/2021 00:00:00","基金季度报告",,"225768","25/3/2022 03:33:32"
"664628437266","225768","31/12/2020 00:00:00","2","35007","4244833","838354517.5","0.0567","3","29/3/2022 22:51:40","701910362833","22/1/2021 00:00:00","基金季度报告","-1315555","225768","25/3/2022 03:33:32"
"664628436262","225768","31/12/2020 00:00:00","3","240641","12114","1069545.06","0.0001","2","29/3/2022 22:51:40","701910362839","22/1/2021 00:00:00","基金季度报告","-109018","225768","25/3/2022 03:33:32"
"664628437798","225768","31/12/2020 00:00:00","3","1928","30930896","835443500.96","0.0565","3","29/3/2022 22:51:40","701910362842","22/1/2021 00:00:00","基金季度报告",,"225768","25/3/2022 03:33:32"
"664628435748","225768","31/12/2020 00:00:00","4","285408","2427","394921.44","0","2","29/3/2022 22:51:40","701910362845","22/1/2021 00:00:00","基金季度报告",,"225768","25/3/2022 03:33:32"
"664628435752","225768","31/12/2020 00:00:00","4","3252","6063995","811423170.95","0.0548","3","29/3/2022 22:51:40","701910362848","22/1/2021 00:00:00","基金季度报告","-2953043","225768","25/3/2022 03:33:32"
"664628435286","225768","31/12/2020 00:00:00","5","134754","473","285389.28","0","2","29/3/2022 22:51:40","701910362853","22/1/2021 00:00:00","基金季度报告",,"225768","25/3/2022 03:33:32"
"664628437800","225768","31/12/2020 00:00:00","5","168983","1213150","686594885","0.0464","3","29/3/2022 22:51:40","701910362856","22/1/2021 00:00:00","基金季度报告","56200","225768","25/3/2022 03:33:32"
"664628435288","225768","31/12/2020 00:00:00","6","1972","6669049","660235851","0.0446","3","29/3/2022 22:51:40","701910362859","22/1/2021 00:00:00","基金季度报告",,"225768","25/3/2022 03:33:32"
"664628436782","225768","31/12/2020 00:00:00","7","9892","3638438","657611284.12","0.0444","3","29/3/2022 22:51:40","701910362861","22/1/2021 00:00:00","基金季度报告","-1548567","225768","25/3/2022 03:33:32"
"664628435750","225768","31/12/2020 00:00:00","8","1774","15159997","645361072.29","0.0436","3","29/3/2022 22:51:40","701910362867","22/1/2021 00:00:00","基金季度报告","-8383300","225768","25/3/2022 03:33:32"
"664628435754","225768","31/12/2020 00:00:00","9","5264","24862376","633990588","0.0429","3","29/3/2022 22:51:40","701910362870","22/1/2021 00:00:00","基金季度报告","-14621198","225768","25/3/2022 03:33:32"
"664628434815","225768","31/12/2020 00:00:00","10","223247","6027130","499528534.4","0.0338","3","29/3/2022 22:51:40","701910362874","22/1/2021 00:00:00","基金季度报告",,"225768","25/3/2022 03:33:32"
"672403805500","225768","31/3/2021 00:00:00","1","240641","12114","912789.9","0.0001","2","26/3/2022 20:19:55","701641216448","22/4/2021 00:00:00","基金季度报告","0","225768","25/3/2022 03:33:32"
"672403792070","225768","31/3/2021 00:00:00","1","50936","5099103","1302690722.16","0.1167","3","26/3/2022 20:19:55","701641216449","22/4/2021 00:00:00","基金季度报告","-965000","225768","25/3/2022 03:33:32"
"672403795011","225768","31/3/2021 00:00:00","2","300257","5740","269780","0","2","26/3/2022 20:19:55","701641216450","22/4/2021 00:00:00","基金季度报告","5740","225768","25/3/2022 03:33:32"
"672403810072","225768","31/3/2021 00:00:00","2","168983","1020150","618508570","0.0554","3","26/3/2022 20:19:55","701641216451","22/4/2021 00:00:00","基金季度报告","-193000","225768","25/3/2022 03:33:32"
"672403802867","225768","31/3/2021 00:00:00","3","134754","473","194871.27","0","2","26/3/2022 20:19:55","701641216452","22/4/2021 00:00:00","基金季度报告","0","225768","25/3/2022 03:33:32"
"672403813809","225768","31/3/2021 00:00:00","3","35007","3569333","609927623.04","0.0546","3","26/3/2022 20:19:55","701641216453","22/4/2021 00:00:00","基金季度报告","-675500","225768","25/3/2022 03:33:32"
"672403803287","225768","31/3/2021 00:00:00","4","291902","5658","169117.62","0","2","26/3/2022 20:19:55","701641216454","22/4/2021 00:00:00","基金季度报告","0","225768","25/3/2022 03:33:32"
"672403800259","225768","31/3/2021 00:00:00","4","1928","26117696","608019962.88","0.0545","3","26/3/2022 20:19:55","701641216455","22/4/2021 00:00:00","基金季度报告","-4813200","225768","25/3/2022 03:33:32"
"672403792760","225768","31/3/2021 00:00:00","5","299725","5354","110560.1","0","2","26/3/2022 20:19:55","701641216456","22/4/2021 00:00:00","基金季度报告","5354","225768","25/3/2022 03:33:32"
"672403804771","225768","31/3/2021 00:00:00","5","5264","20905876","591427232.04","0.053","3","26/3/2022 20:19:55","701641216457","22/4/2021 00:00:00","基金季度报告","-3956500","225768","25/3/2022 03:33:32"
"672403811699","225768","31/3/2021 00:00:00","6","1972","5608649","549647602","0.0492","3","26/3/2022 20:19:55","701641216458","22/4/2021 00:00:00","基金季度报告","-1060400","225768","25/3/2022 03:33:32"
"672403799656","225768","31/3/2021 00:00:00","7","3252","5099060","545548429.4","0.0489","3","26/3/2022 20:19:55","701641216459","22/4/2021 00:00:00","基金季度报告","-964935","225768","25/3/2022 03:33:32"
"672403806018","225768","31/3/2021 00:00:00","8","9892","3059438","439151730.52","0.0393","3","26/3/2022 20:19:55","701641216460","22/4/2021 00:00:00","基金季度报告","-579000","225768","25/3/2022 03:33:32"
"672403795427","225768","31/3/2021 00:00:00","9","1774","12747497","435836922.43","0.039","3","26/3/2022 20:19:55","701641216461","22/4/2021 00:00:00","基金季度报告","-2412500","225768","25/3/2022 03:33:32"
"672403797572","225768","31/3/2021 00:00:00","10","223247","5063203","309868023.6","0.0278","3","26/3/2022 20:19:55","701641216462","22/4/2021 00:00:00","基金季度报告","-963927","225768","25/3/2022 03:33:32"
"680178442858","225768","30/6/2021 00:00:00","1","300257","5740","366326.8","0","2","23/3/2022 22:52:59","701392434473","21/7/2021 00:00:00","基金季度报告","0","225768","21/7/2021 10:27:12"
"680178436775","225768","30/6/2021 00:00:00","1","50936","3350389","1078825258","0.0955","3","23/3/2022 22:52:59","701392434476","21/7/2021 00:00:00","基金季度报告","-1748714","225768","21/7/2021 10:27:09"
"680178430739","225768","30/6/2021 00:00:00","2","288804","2701","286954.24","0","2","23/3/2022 22:52:59","701392434478","21/7/2021 00:00:00","基金季度报告",,"225768","21/7/2021 10:27:08"
"680178442320","225768","30/6/2021 00:00:00","2","168983","1863068","997430550","0.0883","3","23/3/2022 22:52:59","701392434481","21/7/2021 00:00:00","基金季度报告","842918","225768","21/7/2021 10:27:12"
"680178439485","225768","30/6/2021 00:00:00","3","306392","853","214921.88","0","2","23/3/2022 22:52:59","701392434483","21/7/2021 00:00:00","基金季度报告",,"225768","21/7/2021 10:27:11"
"680178429683","225768","30/6/2021 00:00:00","3","35007","4471172","840133218.8","0.0744","3","23/3/2022 22:52:59","701392434486","21/7/2021 00:00:00","基金季度报告","901839","225768","21/7/2021 10:27:08"
"680178446700","225768","30/6/2021 00:00:00","4","299725","5354","149804.92","0","2","23/3/2022 22:52:59","701392434489","21/7/2021 00:00:00","基金季度报告","0","225768","21/7/2021 10:27:14"
"680178435373","225768","30/6/2021 00:00:00","4","1928","21610821","692626813.05","0.0613","3","23/3/2022 22:52:59","701392434492","21/7/2021 00:00:00","基金季度报告","-4506875","225768","21/7/2021 10:27:09"
"680178432086","225768","30/6/2021 00:00:00","5","300485","1452","121982.52","0","2","23/3/2022 22:52:59","701392434495","21/7/2021 00:00:00","基金季度报告",,"225768","21/7/2021 10:27:08"
"680178443462","225768","30/6/2021 00:00:00","5","3252","3353365","517055349.35","0.0458","3","23/3/2022 22:52:59","701392434498","21/7/2021 00:00:00","基金季度报告","-1745695","225768","21/7/2021 10:27:12"
"680178430721","225768","30/6/2021 00:00:00","6","9892","1863038","516769480.44","0.0457","3","23/3/2022 22:52:59","701392434501","21/7/2021 00:00:00","基金季度报告","-1196400","225768","21/7/2021 10:27:08"
"680178439065","225768","30/6/2021 00:00:00","7","1972","5152994","499325118.6","0.0442","3","23/3/2022 22:52:59","701392434504","21/7/2021 00:00:00","基金季度报告","-455655","225768","21/7/2021 10:27:11"
"680178446930","225768","30/6/2021 00:00:00","8","1774","10060230","379069466.4","0.0336","3","23/3/2022 22:52:59","701392434507","21/7/2021 00:00:00","基金季度报告","-2687267","225768","21/7/2021 10:27:14"
"680178429067","225768","30/6/2021 00:00:00","9","223097","2235561","370924281.12","0.0328","3","23/3/2022 22:52:59","701392434510","21/7/2021 00:00:00","基金季度报告",,"225768","21/7/2021 10:27:07"
"680178437354","225768","30/6/2021 00:00:00","10","1598","6463385","364211744.75","0.0322","3","23/3/2022 22:52:59","701392434513","21/7/2021 00:00:00","基金季度报告",,"225768","21/7/2021 10:27:10"
"688652573438","225768","30/9/2021 00:00:00","1","288804","2701","365931.48","0","2","20/3/2022 19:33:01","701119997722","27/10/2021 00:00:00","基金季度报告","0","225768","27/10/2021 09:43:32"
"688652621696","225768","30/9/2021 00:00:00","1","50936","3752631","910425806.91","0.0758","3","20/3/2022 19:33:01","701119997723","27/10/2021 00:00:00","基金季度报告","402242","225768","27/10/2021 09:43:36"
"688652624803","225768","30/9/2021 00:00:00","2","317825","1485","247772.25","0","2","20/3/2022 19:33:01","701119997724","27/10/2021 00:00:00","基金季度报告","0","225768","27/10/2021 09:43:36"
"688652574983","225768","30/9/2021 00:00:00","2","3252","3755592","776656425.6","0.0647","3","20/3/2022 19:33:01","701119997725","27/10/2021 00:00:00","基金季度报告","402227","225768","27/10/2021 09:43:32"
"688652709468","225768","30/9/2021 00:00:00","3","330951","12960","187012.8","0","2","20/3/2022 19:33:01","701119997726","27/10/2021 00:00:00","基金季度报告","12960","225768","27/10/2021 09:43:43"
"688652585983","225768","30/9/2021 00:00:00","3","1928","24446057","774695546.33","0.0645","3","20/3/2022 19:33:01","701119997727","27/10/2021 00:00:00","基金季度报告","2835236","225768","27/10/2021 09:43:33"
"688652565305","225768","30/9/2021 00:00:00","4","311234","704","169896.32","0","2","20/3/2022 19:33:01","701119997728","27/10/2021 00:00:00","基金季度报告","704","225768","27/10/2021 09:43:32"
"688652708470","225768","30/9/2021 00:00:00","4","9892","2086549","763030103.81","0.0635","3","20/3/2022 19:33:01","701119997729","27/10/2021 00:00:00","基金季度报告","223511","225768","27/10/2021 09:43:43"
"688652627636","225768","30/9/2021 00:00:00","5","302187","2556","86341.68","0","2","20/3/2022 19:33:01","701119997730","27/10/2021 00:00:00","基金季度报告","0","225768","27/10/2021 09:43:36"
"688652564035","225768","30/9/2021 00:00:00","5","168983","2086617","732909684","0.061","3","20/3/2022 19:33:01","701119997731","27/10/2021 00:00:00","基金季度报告","223549","225768","27/10/2021 09:43:32"
"688652588037","225768","30/9/2021 00:00:00","6","35007","5013660","726930563.4","0.0605","3","20/3/2022 19:33:01","701119997732","27/10/2021 00:00:00","基金季度报告","542488","225768","27/10/2021 09:43:34"
"688652711446","225768","30/9/2021 00:00:00","7","61439","1638484","545172781.32","0.0454","3","20/3/2022 19:33:01","701119997733","27/10/2021 00:00:00","基金季度报告","338647","225768","27/10/2021 09:43:43"
"688652567211","225768","30/9/2021 00:00:00","8","1972","5819258","545031704.28","0.0454","3","20/3/2022 19:33:01","701119997734","27/10/2021 00:00:00","基金季度报告","666264","225768","27/10/2021 09:43:32"
"688652634767","225768","30/9/2021 00:00:00","9","1598","7166490","409134914.1","0.0341","3","20/3/2022 19:33:01","701119997735","27/10/2021 00:00:00","基金季度报告","703105","225768","27/10/2021 09:43:37"
"688652715539","225768","30/9/2021 00:00:00","10","16375","5826271","374920538.85","0.0312","3","20/3/2022 19:33:01","701119997736","27/10/2021 00:00:00","基金季度报告","645837","225768","27/10/2021 09:43:44"
"696331936879","225768","31/12/2021 00:00:00","1","4771","400000","5336000","0.0004","2","18/3/2022 01:40:18","700890682099","24/1/2022 00:00:00","基金季度报告",,"225768","24/1/2022 09:31:28"
"696331958784","225768","31/12/2021 00:00:00","1","50936","3956591","1229589785.07","0.1011","3","18/3/2022 01:40:18","700890682100","24/1/2022 00:00:00","基金季度报告","203960","225768","24/1/2022 09:32:39"
"696331952516","225768","31/12/2021 00:00:00","2","372715","37990","873010.2","0.0001","2","18/3/2022 01:40:18","700890682101","24/1/2022 00:00:00","基金季度报告",,"225768","24/1/2022 09:32:32"
"696331936263","225768","31/12/2021 00:00:00","2","300284","13796975","731101705.25","0.0601","3","18/3/2022 01:40:18","700890682102","24/1/2022 00:00:00","基金季度报告",,"225768","24/1/2022 09:31:27"
"696331961241","225768","31/12/2021 00:00:00","3","330951","12960","506606.4","0","2","18/3/2022 01:40:18","700890682103","24/1/2022 00:00:00","基金季度报告","0","225768","24/1/2022 09:32:41"
"696331945249","225768","31/12/2021 00:00:00","3","1928","19315836","725502800.16","0.0597","3","18/3/2022 01:40:18","700890682104","24/1/2022 00:00:00","基金季度报告","-5130221","225768","24/1/2022 09:31:43"
"696331938843","225768","31/12/2021 00:00:00","4","361523","2594","338024.14","0","2","18/3/2022 01:40:18","700890682105","24/1/2022 00:00:00","基金季度报告",,"225768","24/1/2022 09:31:28"
"696331958129","225768","31/12/2021 00:00:00","4","1972","5518790","713579547","0.0587","3","18/3/2022 01:40:18","700890682106","24/1/2022 00:00:00","基金季度报告","-300468","225768","24/1/2022 09:32:38"
"696331952877","225768","31/12/2021 00:00:00","5","341471","7129","299275.42","0","2","18/3/2022 01:40:18","700890682107","24/1/2022 00:00:00","基金季度报告",,"225768","24/1/2022 09:32:32"
"696331933419","225768","31/12/2021 00:00:00","5","3252","3153578","709555050","0.0584","3","18/3/2022 01:40:18","700890682108","24/1/2022 00:00:00","基金季度报告","-602014","225768","24/1/2022 09:31:26"
"696331952924","225768","31/12/2021 00:00:00","6","35007","3941919","693186456.15","0.057","3","18/3/2022 01:40:18","700890682109","24/1/2022 00:00:00","基金季度报告","-1071741","225768","24/1/2022 09:32:32"
"696331960061","225768","31/12/2021 00:00:00","7","9892","1970982","683970173.64","0.0563","3","18/3/2022 01:40:18","700890682110","24/1/2022 00:00:00","基金季度报告","-115567","225768","24/1/2022 09:32:40"
"696331918309","225768","31/12/2021 00:00:00","8","168983","1576827","515307063.6","0.0424","3","18/3/2022 01:40:18","700890682111","24/1/2022 00:00:00","基金季度报告","-509790","225768","24/1/2022 09:31:18"
"696331952540","225768","31/12/2021 00:00:00","9","61439","1182584","365418456","0.0301","3","18/3/2022 01:40:18","700890682112","24/1/2022 00:00:00","基金季度报告","-455900","225768","24/1/2022 09:32:32"
"696331964153","225768","31/12/2021 00:00:00","10","16375","4730400","328762800","0.027","3","18/3/2022 01:40:18","700890682114","24/1/2022 00:00:00","基金季度报告","-1095871","225768","24/1/2022 09:32:44"
"703947153197","225768","31/3/2022 00:00:00","1","382125","6790","548632","0","2","22/4/2022 09:04:13","703947153198","22/4/2022 00:00:00","基金季度报告","6790","225768","22/4/2022 09:04:10"
"703947152932","225768","31/3/2022 00:00:00","1","50936","4816091","931431999.4","0.0808","3","22/4/2022 09:04:13","703947152933","22/4/2022 00:00:00","基金季度报告","859500","225768","22/4/2022 09:04:10"
"703947152934","225768","31/3/2022 00:00:00","2","382124","13998","410561.34","0","2","22/4/2022 09:04:13","703947152935","22/4/2022 00:00:00","基金季度报告","13998","225768","22/4/2022 09:04:10"
"703947152258","225768","31/3/2022 00:00:00","2","3252","3919977","801792095.58","0.0696","3","22/4/2022 09:04:13","703947152259","22/4/2022 00:00:00","基金季度报告","766399","225768","22/4/2022 09:04:10"
"703947152260","225768","31/3/2022 00:00:00","3","330951","12960","391262.4","0","2","22/4/2022 09:04:13","703947152261","22/4/2022 00:00:00","基金季度报告","0","225768","22/4/2022 09:04:10"
"703947153199","225768","31/3/2022 00:00:00","3","300284","17149952","790441287.68","0.0686","3","22/4/2022 09:04:13","703947153200","22/4/2022 00:00:00","基金季度报告","3352977","225768","22/4/2022 09:04:10"
"703947153201","225768","31/3/2022 00:00:00","4","361523","2594","269542.54","0","2","22/4/2022 09:04:13","703947153202","22/4/2022 00:00:00","基金季度报告","0","225768","22/4/2022 09:04:10"
"703947151411","225768","31/3/2022 00:00:00","4","35007","4899989","691045448.67","0.06","3","22/4/2022 09:04:12","703947151412","22/4/2022 00:00:00","基金季度报告","958070","225768","22/4/2022 09:04:10"
"703947151413","225768","31/3/2022 00:00:00","5","363791","2486","130191.82","0","2","22/4/2022 09:04:12","703947151414","22/4/2022 00:00:00","基金季度报告","2486","225768","22/4/2022 09:04:10"
"703947152262","225768","31/3/2022 00:00:00","5","9892","2449982","671295068","0.0583","3","22/4/2022 09:04:13","703947152263","22/4/2022 00:00:00","基金季度报告","479000","225768","22/4/2022 09:04:10"
"703947153203","225768","31/3/2022 00:00:00","6","1928","24009957","570956777.46","0.0495","3","22/4/2022 09:04:13","703947153204","22/4/2022 00:00:00","基金季度报告","4694121","225768","22/4/2022 09:04:10"
"703947151415","225768","31/3/2022 00:00:00","7","1972","6860690","557774097","0.0484","3","22/4/2022 09:04:12","703947151416","22/4/2022 00:00:00","基金季度报告","1341900","225768","22/4/2022 09:04:10"
"703947151107","225768","31/3/2022 00:00:00","8","61439","1469984","479979175.68","0.0417","3","22/4/2022 09:04:12","703947151108","22/4/2022 00:00:00","基金季度报告","287400","225768","22/4/2022 09:04:10"
"703947153206","225768","31/3/2022 00:00:00","9","168983","1960027","411448867.84","0.0357","3","22/4/2022 09:04:13","703947153208","22/4/2022 00:00:00","基金季度报告","383200","225768","22/4/2022 09:04:10"
"703947151417","225768","31/3/2022 00:00:00","10","1598","7349990","356474515","0.0309","3","22/4/2022 09:04:12","703947151418","22/4/2022 00:00:00","基金季度报告","1437000","225768","22/4/2022 09:04:10"
"711740960335","225768","30/6/2022 00:00:00","1","359419","32650","1330487.5","0.0001","2","21/7/2022 09:50:25","711740960339","21/7/2022 00:00:00","基金季度报告",,"225768","21/7/2022 09:50:20"
"711741018972","225768","30/6/2022 00:00:00","1","35007","5889309","837518632.89","0.0666","3","21/7/2022 09:50:51","711741018974","21/7/2022 00:00:00","基金季度报告","989320","225768","21/7/2022 09:50:20"
"711741006667","225768","30/6/2022 00:00:00","2","381806","13111","287524.23","0","2","21/7/2022 09:50:47","711741006669","21/7/2022 00:00:00","基金季度报告",,"225768","21/7/2022 09:50:20"
"711740962121","225768","30/6/2022 00:00:00","2","50936","4819476","833913932.28","0.0663","3","21/7/2022 09:50:25","711740962122","21/7/2022 00:00:00","基金季度报告","3385","225768","21/7/2022 09:50:20"
"711741037546","225768","30/6/2022 00:00:00","3","341325","63694","243311.08","0","2","21/7/2022 09:50:58","711741037563","21/7/2022 00:00:00","基金季度报告",,"225768","21/7/2022 09:50:20"
"711740997760","225768","30/6/2022 00:00:00","3","300284","17673760","798323739.2","0.0635","3","21/7/2022 09:50:43","711740997762","21/7/2022 00:00:00","基金季度报告","523808","225768","21/7/2022 09:50:20"
"711740990235","225768","30/6/2022 00:00:00","4","339854","33327","233622.27","0","2","21/7/2022 09:50:38","711740990236","21/7/2022 00:00:00","基金季度报告",,"225768","21/7/2022 09:50:20"
"711741033732","225768","30/6/2022 00:00:00","4","3252","3749618","711377526.96","0.0566","3","21/7/2022 09:50:56","711741033743","21/7/2022 00:00:00","基金季度报告","-170359","225768","21/7/2022 09:50:20"
"711741007585","225768","30/6/2022 00:00:00","5","310966","5747","193386.55","0","2","21/7/2022 09:50:48","711741007587","21/7/2022 00:00:00","基金季度报告",,"225768","21/7/2022 09:50:20"
"711740978361","225768","30/6/2022 00:00:00","5","1928","24635296","605535575.68","0.0482","3","21/7/2022 09:50:33","711740978362","21/7/2022 00:00:00","基金季度报告","625339","225768","21/7/2022 09:50:20"
"711741009255","225768","30/6/2022 00:00:00","6","9892","2142906","593842110.72","0.0472","3","21/7/2022 09:50:48","711741009258","21/7/2022 00:00:00","基金季度报告","-307076","225768","21/7/2022 09:50:20"
"711741045946","225768","30/6/2022 00:00:00","7","1972","6960318","592392664.98","0.0471","3","21/7/2022 09:50:59","711741045949","21/7/2022 00:00:00","基金季度报告","99628","225768","21/7/2022 09:50:20"
"711740965422","225768","30/6/2022 00:00:00","8","61439","2244526","408548622.52","0.0325","3","21/7/2022 09:50:26","711740965425","21/7/2022 00:00:00","基金季度报告","774542","225768","21/7/2022 09:50:20"
"711741006374","225768","30/6/2022 00:00:00","9","16375","5891600","398213244","0.0317","3","21/7/2022 09:50:47","711741006375","21/7/2022 00:00:00","基金季度报告",,"225768","21/7/2022 09:50:20"
"711741036341","225768","30/6/2022 00:00:00","10","1598","7498070","389899640","0.031","3","21/7/2022 09:50:57","711741036342","21/7/2022 00:00:00","基金季度报告","148080","225768","21/7/2022 09:50:20"
"720126730091","225768","30/9/2022 00:00:00","1","421909","7365","1177221.6","0.0001","2","26/10/2022 09:52:49","720126730093","26/10/2022 00:00:00","基金季度报告","7365","225768","26/10/2022 09:52:21"
"720126774219","225768","30/9/2022 00:00:00","1","3252","5911776","851295744","0.0757","3","26/10/2022 09:52:55","720126774220","26/10/2022 00:00:00","基金季度报告","2162158","225768","26/10/2022 09:52:21"
"720126751345","225768","30/9/2022 00:00:00","2","398937","70700","609434","0.0001","2","26/10/2022 09:52:53","720126751346","26/10/2022 00:00:00","基金季度报告","70700","225768","26/10/2022 09:52:21"
"720126744697","225768","30/9/2022 00:00:00","2","300284","19882032","751143168.96","0.0668","3","26/10/2022 09:52:52","720126744700","26/10/2022 00:00:00","基金季度报告","2208272","225768","26/10/2022 09:52:21"
"720126722961","225768","30/9/2022 00:00:00","3","417783","6334","443316.66","0","2","26/10/2022 09:52:47","720126722962","26/10/2022 00:00:00","基金季度报告","6334","225768","26/10/2022 09:52:21"
"720126752921","225768","30/9/2022 00:00:00","3","9892","2411006","671224070.4","0.0596","3","26/10/2022 09:52:53","720126752923","26/10/2022 00:00:00","基金季度报告","268100","225768","26/10/2022 09:52:21"
"720126728898","225768","30/9/2022 00:00:00","4","415205","2544","223872","0","2","26/10/2022 09:52:49","720126728899","26/10/2022 00:00:00","基金季度报告","2544","225768","26/10/2022 09:52:21"
"720126724687","225768","30/9/2022 00:00:00","4","35007","6626258","621211687.5","0.0552","3","26/10/2022 09:52:48","720126724688","26/10/2022 00:00:00","基金季度报告","736949","225768","26/10/2022 09:52:21"
"720126782697","225768","30/9/2022 00:00:00","5","339854","33327","196962.57","0","2","26/10/2022 09:52:56","720126782698","26/10/2022 00:00:00","基金季度报告","0","225768","26/10/2022 09:52:21"
"720126740578","225768","30/9/2022 00:00:00","5","50936","7313408","586023383.04","0.0521","3","26/10/2022 09:52:52","720126740581","26/10/2022 00:00:00","基金季度报告","2493932","225768","26/10/2022 09:52:21"
"720126750308","225768","30/9/2022 00:00:00","6","1928","27728103","484687240.44","0.0431","3","26/10/2022 09:52:53","720126750311","26/10/2022 00:00:00","基金季度报告","3092807","225768","26/10/2022 09:52:21"
"720126722983","225768","30/9/2022 00:00:00","7","16375","6628600","448225932","0.0398","3","26/10/2022 09:52:47","720126722984","26/10/2022 00:00:00","基金季度报告","737000","225768","26/10/2022 09:52:21"
"720126728035","225768","30/9/2022 00:00:00","8","223097","3610840","389501310.8","0.0346","3","26/10/2022 09:52:49","720126728036","26/10/2022 00:00:00","基金季度报告","400347","225768","26/10/2022 09:52:21"
"720126778911","225768","30/9/2022 00:00:00","9","1972","7832232","373362499.44","0.0332","3","26/10/2022 09:52:56","720126778914","26/10/2022 00:00:00","基金季度报告","871914","225768","26/10/2022 09:52:21"
"720126721001","225768","30/9/2022 00:00:00","10","61439","2490437","350877668.93","0.0312","3","26/10/2022 09:52:46","720126721002","26/10/2022 00:00:00","基金季度报告","245911","225768","26/10/2022 09:52:21"
"727676660531","225768","31/12/2022 00:00:00","1","1327","138400","1777056","0.0001","2","20/1/2023 09:12:47","727676660534","20/1/2023 00:00:00","基金季度报告",,"225768","20/1/2023 09:12:43"
"727676654924","225768","31/12/2022 00:00:00","1","3252","7542811","994293346.02","0.0764","3","20/1/2023 09:12:46","727676654925","20/1/2023 00:00:00","基金季度报告","1631035","225768","20/1/2023 09:12:43"
"727676649786","225768","31/12/2022 00:00:00","2","421909","7365","1264423.2","0.0001","2","20/1/2023 09:12:44","727676649788","20/1/2023 00:00:00","基金季度报告","0","225768","20/1/2023 09:12:43"
"727676658351","225768","31/12/2022 00:00:00","2","300284","21256832","874506068.48","0.0672","3","20/1/2023 09:12:47","727676658352","20/1/2023 00:00:00","基金季度报告","1374800","225768","20/1/2023 09:12:43"
"727676655115","225768","31/12/2022 00:00:00","3","13369","39647","1101790.13","0.0001","2","20/1/2023 09:12:46","727676655116","20/1/2023 00:00:00","基金季度报告",,"225768","20/1/2023 09:12:43"
"727676666414","225768","31/12/2022 00:00:00","3","35007","7542618","772892066.46","0.0594","3","20/1/2023 09:12:48","727676666415","20/1/2023 00:00:00","基金季度报告","916360","225768","20/1/2023 09:12:43"
"727676663269","225768","31/12/2022 00:00:00","4","398937","70700","907081","0.0001","2","20/1/2023 09:12:48","727676663270","20/1/2023 00:00:00","基金季度报告","0","225768","20/1/2023 09:12:43"
"727676653454","225768","31/12/2022 00:00:00","4","9892","2742806","617954191.8","0.0475","3","20/1/2023 09:12:45","727676653459","20/1/2023 00:00:00","基金季度报告","331800","225768","20/1/2023 09:12:43"
"727676649379","225768","31/12/2022 00:00:00","5","418072","20526","532239.18","0","2","20/1/2023 09:12:44","727676649380","20/1/2023 00:00:00","基金季度报告",,"225768","20/1/2023 09:12:43"
"727676663483","225768","31/12/2022 00:00:00","5","50936","7542808","581475068.72","0.0447","3","20/1/2023 09:12:48","727676663484","20/1/2023 00:00:00","基金季度报告","229400","225768","20/1/2023 09:12:43"
"727676666872","225768","31/12/2022 00:00:00","6","223247","8914347","551751122.2","0.0424","3","20/1/2023 09:12:49","727676666873","20/1/2023 00:00:00","基金季度报告",,"225768","20/1/2023 09:12:43"
"727676653890","225768","31/12/2022 00:00:00","7","61439","2742821","473410904.6","0.0364","3","20/1/2023 09:12:45","727676653891","20/1/2023 00:00:00","基金季度报告","252384","225768","20/1/2023 09:12:43"
"727676659317","225768","31/12/2022 00:00:00","8","223097","4800781","470524545.81","0.0362","3","20/1/2023 09:12:47","727676659318","20/1/2023 00:00:00","基金季度报告","1189941","225768","20/1/2023 09:12:43"
"727676650663","225768","31/12/2022 00:00:00","9","1928","27387403","469967835.48","0.0361","3","20/1/2023 09:12:44","727676650664","20/1/2023 00:00:00","基金季度报告","-340700","225768","20/1/2023 09:12:43"
"727676656031","225768","31/12/2022 00:00:00","10","16375","6857200","435843632","0.0335","3","20/1/2023 09:12:46","727676656032","20/1/2023 00:00:00","基金季度报告","228600","225768","20/1/2023 09:12:43"
"735536310844","225768","31/3/2023 00:00:00","1","337389","24961","1096287.12","0.0001","2","22/4/2023 09:22:10","735536310845","22/4/2023 00:00:00","基金季度报告","24961","225768","22/4/2023 09:22:00"
"735536301716","225768","31/3/2023 00:00:00","1","300284","22354090","1120163449.9","0.0693","3","22/4/2023 09:22:08","735536301717","22/4/2023 00:00:00","基金季度报告","1097258","225768","22/4/2023 09:22:00"
"735536292858","225768","31/3/2023 00:00:00","2","455224","10071","402739.29","0","2","22/4/2023 09:22:03","735536292859","22/4/2023 00:00:00","基金季度报告","10071","225768","22/4/2023 09:22:00"
"735536304460","225768","31/3/2023 00:00:00","2","35007","7940218","968706596","0.06","3","22/4/2023 09:22:09","735536304461","22/4/2023 00:00:00","基金季度报告","397600","225768","22/4/2023 09:22:00"
"735536300044","225768","31/3/2023 00:00:00","3","418419","37667","361603.2","0","2","22/4/2023 09:22:08","735536300045","22/4/2023 00:00:00","基金季度报告","37667","225768","22/4/2023 09:22:00"
"735536296014","225768","31/3/2023 00:00:00","3","3252","7941031","882486775.03","0.0546","3","22/4/2023 09:22:07","735536296015","22/4/2023 00:00:00","基金季度报告","398220","225768","22/4/2023 09:22:00"
"735536312158","225768","31/3/2023 00:00:00","4","415205","2544","309452.16","0","2","22/4/2023 09:22:10","735536312159","22/4/2023 00:00:00","基金季度报告","0","225768","22/4/2023 09:22:00"
"735536298856","225768","31/3/2023 00:00:00","4","9892","2887606","767670055.1","0.0475","3","22/4/2023 09:22:07","735536298857","22/4/2023 00:00:00","基金季度报告","144800","225768","22/4/2023 09:22:00"
"735536294430","225768","31/3/2023 00:00:00","5","417803","40154","264213.32","0","2","22/4/2023 09:22:06","735536294431","22/4/2023 00:00:00","基金季度报告","40154","225768","22/4/2023 09:22:00"
"735536310370","225768","31/3/2023 00:00:00","5","223097","5053717","745473794.67","0.0462","3","22/4/2023 09:22:10","735536310371","22/4/2023 00:00:00","基金季度报告","252936","225768","22/4/2023 09:22:00"
"735536295732","225768","31/3/2023 00:00:00","6","50936","7940963","723421729.3","0.0448","3","22/4/2023 09:22:06","735536295733","22/4/2023 00:00:00","基金季度报告","398155","225768","22/4/2023 09:22:00"
"735536299904","225768","31/3/2023 00:00:00","7","223247","9384476","649099771.52","0.0402","3","22/4/2023 09:22:07","735536299905","22/4/2023 00:00:00","基金季度报告","470129","225768","22/4/2023 09:22:00"
"735536312656","225768","31/3/2023 00:00:00","8","1928","28839403","609088191.36","0.0377","3","22/4/2023 09:22:10","735536312657","22/4/2023 00:00:00","基金季度报告","1452000","225768","22/4/2023 09:22:00"
"735536294292","225768","31/3/2023 00:00:00","9","1774","16603794","538793115.3","0.0334","3","22/4/2023 09:22:06","735536294293","22/4/2023 00:00:00","基金季度报告","832600","225768","22/4/2023 09:22:00"
"735536307024","225768","31/3/2023 00:00:00","10","1972","8662832","478621468","0.0296","3","22/4/2023 09:22:09","735536307025","22/4/2023 00:00:00","基金季度报告","434400","225768","22/4/2023 09:22:00"
"743470537561","225768","30/6/2023 00:00:00","1","367798","7405","133734.3","0","2","21/7/2023 09:38:57","743470537562","21/7/2023 00:00:00","基金季度报告",,"225768","21/7/2023 09:38:54"
"743470554281","225768","30/6/2023 00:00:00","1","300284","28533594","1441517168.88","0.0739","3","21/7/2023 09:38:59","743470554282","21/7/2023 00:00:00","基金季度报告","6179504","225768","21/7/2023 09:38:54"
"743470548947","225768","30/6/2023 00:00:00","2","382747","6261","106687.44","0","2","21/7/2023 09:38:59","743470548948","21/7/2023 00:00:00","基金季度报告",,"225768","21/7/2023 09:38:54"
"743470536480","225768","30/6/2023 00:00:00","2","9892","3854106","1224256770.9","0.0628","3","21/7/2023 09:38:56","743470536481","21/7/2023 00:00:00","基金季度报告","966500","225768","21/7/2023 09:38:54"
"743470528240","225768","30/6/2023 00:00:00","3","383506","2618","104144.04","0","2","21/7/2023 09:38:55","743470528241","21/7/2023 00:00:00","基金季度报告",,"225768","21/7/2023 09:38:54"
"743470543059","225768","30/6/2023 00:00:00","3","50936","12080613","1184383298.52","0.0607","3","21/7/2023 09:38:57","743470543060","21/7/2023 00:00:00","基金季度报告","4139650","225768","21/7/2023 09:38:54"
"743470538933","225768","30/6/2023 00:00:00","4","402044","2023","86766.47","0","2","21/7/2023 09:38:57","743470538934","21/7/2023 00:00:00","基金季度报告",,"225768","21/7/2023 09:38:54"
"743470553202","225768","30/6/2023 00:00:00","4","35007","9725583","1033343193.75","0.053","3","21/7/2023 09:38:59","743470553203","21/7/2023 00:00:00","基金季度报告","1785365","225768","21/7/2023 09:38:54"
"743470546344","225768","30/6/2023 00:00:00","5","402506","3060","79009.2","0","2","21/7/2023 09:38:58","743470546377","21/7/2023 00:00:00","基金季度报告",,"225768","21/7/2023 09:38:54"
"743470535492","225768","30/6/2023 00:00:00","5","223097","6305111","986434615.95","0.0506","3","21/7/2023 09:38:56","743470535493","21/7/2023 00:00:00","基金季度报告","1251394","225768","21/7/2023 09:38:54"
"743470545113","225768","30/6/2023 00:00:00","6","3252","9910184","924124658","0.0474","3","21/7/2023 09:38:58","743470545114","21/7/2023 00:00:00","基金季度报告","1969153","225768","21/7/2023 09:38:54"
"743470531165","225768","30/6/2023 00:00:00","7","16375","9538418","676273836.2","0.0347","3","21/7/2023 09:38:56","743470531167","21/7/2023 00:00:00","基金季度报告",,"225768","21/7/2023 09:38:54"
"743470537478","225768","30/6/2023 00:00:00","8","223247","11593339","665689525.38","0.0341","3","21/7/2023 09:38:57","743470537480","21/7/2023 00:00:00","基金季度报告","2208863","225768","21/7/2023 09:38:54"
"743470548161","225768","30/6/2023 00:00:00","9","1774","20750994","646808482.98","0.0332","3","21/7/2023 09:38:58","743470548162","21/7/2023 00:00:00","基金季度报告","4147200","225768","21/7/2023 09:38:54"
"743470529501","225768","30/6/2023 00:00:00","10","1928","36366002","626949874.48","0.0321","3","21/7/2023 09:38:55","743470529502","21/7/2023 00:00:00","基金季度报告","7526599","225768","21/7/2023 09:38:54"
"751609412978","225768","30/9/2023 00:00:00","1","486600","57825","2537361","0.0001","2","25/10/2023 10:15:01","751609412979","25/10/2023 00:00:00","基金季度报告","57825","225768","25/10/2023 10:14:36"
"751609361796","225768","30/9/2023 00:00:00","1","300284","29286927","1498026316.05","0.0832","3","25/10/2023 10:14:40","751609361849","25/10/2023 00:00:00","基金季度报告","753333","225768","25/10/2023 10:14:36"
"751609420582","225768","30/9/2023 00:00:00","2","493722","1939","126707.61","0","2","25/10/2023 10:15:27","751609420583","25/10/2023 00:00:00","基金季度报告","1939","225768","25/10/2023 10:14:36"
"751609411251","225768","30/9/2023 00:00:00","2","50936","12399016","1153852428.96","0.0641","3","25/10/2023 10:15:00","751609411252","25/10/2023 00:00:00","基金季度报告","318403","225768","25/10/2023 10:14:36"
"751609402678","225768","30/9/2023 00:00:00","3","367798","7405","122700.85","0","2","25/10/2023 10:14:56","751609402679","25/10/2023 00:00:00","基金季度报告","0","225768","25/10/2023 10:14:36"
"751609420767","225768","30/9/2023 00:00:00","3","35007","9981283","984154503.8","0.0547","3","25/10/2023 10:15:27","751609420768","25/10/2023 00:00:00","基金季度报告","255700","225768","25/10/2023 10:14:36"
"751609407060","225768","30/9/2023 00:00:00","4","455975","1501","87568.34","0","2","25/10/2023 10:14:58","751609407061","25/10/2023 00:00:00","基金季度报告","1501","225768","25/10/2023 10:14:36"
"751609391797","225768","30/9/2023 00:00:00","4","223097","6474175","974687046.25","0.0541","3","25/10/2023 10:14:50","751609391798","25/10/2023 00:00:00","基金季度报告","169064","225768","25/10/2023 10:14:36"
"751609393697","225768","30/9/2023 00:00:00","5","382747","6261","85149.6","0","2","25/10/2023 10:14:50","751609393698","25/10/2023 00:00:00","基金季度报告","0","225768","25/10/2023 10:14:36"
"751609413487","225768","30/9/2023 00:00:00","5","9892","3960006","955549447.8","0.0531","3","25/10/2023 10:15:01","751609413488","25/10/2023 00:00:00","基金季度报告","105900","225768","25/10/2023 10:14:36"
"751609421220","225768","30/9/2023 00:00:00","6","3252","10173319","887113416.8","0.0493","3","25/10/2023 10:15:27","751609421221","25/10/2023 00:00:00","基金季度报告","263135","225768","25/10/2023 10:14:36"
"751609402026","225768","30/9/2023 00:00:00","7","168983","5594943","652929848.1","0.0363","3","25/10/2023 10:14:55","751609402027","25/10/2023 00:00:00","基金季度报告","151100","225768","25/10/2023 10:14:36"
"751609406025","225768","30/9/2023 00:00:00","8","1774","21303194","649747417","0.0361","3","25/10/2023 10:14:57","751609406027","25/10/2023 00:00:00","基金季度报告","552200","225768","25/10/2023 10:14:36"
"751609417441","225768","30/9/2023 00:00:00","9","223247","11900154","591437653.8","0.0329","3","25/10/2023 10:15:21","751609417442","25/10/2023 00:00:00","基金季度报告","306815","225768","25/10/2023 10:14:36"
"751609402512","225768","30/9/2023 00:00:00","10","1928","37323602","575529942.84","0.032","3","25/10/2023 10:14:56","751609402513","25/10/2023 00:00:00","基金季度报告","957600","225768","25/10/2023 10:14:36"
"759233855833","225768","31/12/2023 00:00:00","1","486600","57825","2432119.5","0.0001","2","22/1/2024 10:13:37","759233855836","22/1/2024 00:00:00","基金季度报告","0","225768","22/1/2024 10:13:28"
"759233820778","225768","31/12/2023 00:00:00","1","300284","25411236","1347303732.72","0.0783","3","22/1/2024 10:13:30","759233820781","22/1/2024 00:00:00","基金季度报告","-3875691","225768","22/1/2024 10:13:28"
"759233874607","225768","31/12/2023 00:00:00","2","455975","1501","90795.49","0","2","22/1/2024 10:13:39","759233874609","22/1/2024 00:00:00","基金季度报告","0","225768","22/1/2024 10:13:28"
"759233851457","225768","31/12/2023 00:00:00","2","50936","9387842","1001776619.82","0.0582","3","22/1/2024 10:13:36","759233851459","22/1/2024 00:00:00","基金季度报告","-3011174","225768","22/1/2024 10:13:28"
"759233825984","225768","31/12/2023 00:00:00","3","496318","4048","51612","0","2","22/1/2024 10:13:31","759233825986","22/1/2024 00:00:00","基金季度报告",,"225768","22/1/2024 10:13:28"
"759233869228","225768","31/12/2023 00:00:00","3","223097","5593437","859151923.2","0.05","3","22/1/2024 10:13:38","759233869231","22/1/2024 00:00:00","基金季度报告","-880738","225768","22/1/2024 10:13:28"
"759233858090","225768","31/12/2023 00:00:00","4","458368","593","46105.75","0","2","22/1/2024 10:13:37","759233858094","22/1/2024 00:00:00","基金季度报告",,"225768","22/1/2024 10:13:28"
"759233818934","225768","31/12/2023 00:00:00","4","409498","11950807","848268280.86","0.0493","3","22/1/2024 10:13:30","759233818935","22/1/2024 00:00:00","基金季度报告",,"225768","22/1/2024 10:13:28"
"759233876591","225768","31/12/2023 00:00:00","5","383796","9723","43267.35","0","2","22/1/2024 10:13:40","759233876594","22/1/2024 00:00:00","基金季度报告",,"225768","22/1/2024 10:13:28"
"759233861775","225768","31/12/2023 00:00:00","5","9892","3414906","839076553.26","0.0488","3","22/1/2024 10:13:38","759233861777","22/1/2024 00:00:00","基金季度报告","-545100","225768","22/1/2024 10:13:28"
"759233878275","225768","31/12/2023 00:00:00","6","35007","8598083","794376888.37","0.0462","3","22/1/2024 10:13:40","759233878278","22/1/2024 00:00:00","基金季度报告","-1383200","225768","22/1/2024 10:13:28"
"759233822227","225768","31/12/2023 00:00:00","7","223247","11731589","689348169.64","0.0401","3","22/1/2024 10:13:31","759233822230","22/1/2024 00:00:00","基金季度报告","-168565","225768","22/1/2024 10:13:28"
"759233858114","225768","31/12/2023 00:00:00","8","168983","4811943","678483963","0.0394","3","22/1/2024 10:13:37","759233858120","22/1/2024 00:00:00","基金季度报告","-783000","225768","22/1/2024 10:13:28"
"759233875084","225768","31/12/2023 00:00:00","9","1928","44975297","622907863.45","0.0362","3","22/1/2024 10:13:39","759233875087","22/1/2024 00:00:00","基金季度报告","7651695","225768","22/1/2024 10:13:28"
"759233825133","225768","31/12/2023 00:00:00","10","3252","8764974","591197496.3","0.0344","3","22/1/2024 10:13:31","759233825136","22/1/2024 00:00:00","基金季度报告","-1408345","225768","22/1/2024 10:13:28"
"767047321955","225768","31/3/2024 00:00:00","1","420833","691","240108.68","0","2","20/4/2024 09:16:25","767047321956","20/4/2024 00:00:00","基金季度报告","691","225768","20/4/2024 09:16:23"
"767047329126","225768","31/3/2024 00:00:00","1","300284","21235643","927148173.38","0.0728","3","20/4/2024 09:16:28","767047329127","20/4/2024 00:00:00","基金季度报告","-4175593","225768","20/4/2024 09:16:23"
"767047323805","225768","31/3/2024 00:00:00","2","383796","9723","39475.38","0","2","20/4/2024 09:16:25","767047323806","20/4/2024 00:00:00","基金季度报告","0","225768","20/4/2024 09:16:23"
"767047322131","225768","31/3/2024 00:00:00","2","9892","2850206","871022953.6","0.0684","3","20/4/2024 09:16:25","767047322132","20/4/2024 00:00:00","基金季度报告","-564700","225768","20/4/2024 09:16:23"
"767047335020","225768","31/3/2024 00:00:00","3","457962","2219","38677.17","0","2","20/4/2024 09:16:30","767047335023","20/4/2024 00:00:00","基金季度报告","2219","225768","20/4/2024 09:16:23"
"767047325216","225768","31/3/2024 00:00:00","3","409498","10002207","772770512.82","0.0607","3","20/4/2024 09:16:26","767047325217","20/4/2024 00:00:00","基金季度报告","-1948600","225768","20/4/2024 09:16:23"
"767047318926","225768","31/3/2024 00:00:00","4","438958","1045","20273","0","2","20/4/2024 09:16:24","767047318928","20/4/2024 00:00:00","基金季度报告","1045","225768","20/4/2024 09:16:23"
"767047329435","225768","31/3/2024 00:00:00","4","50936","7846577","772181642.57","0.0606","3","20/4/2024 09:16:29","767047329436","20/4/2024 00:00:00","基金季度报告","-1541265","225768","20/4/2024 09:16:23"
"767047332023","225768","31/3/2024 00:00:00","5","492531","416","17621.76","0","2","20/4/2024 09:16:29","767047332024","20/4/2024 00:00:00","基金季度报告","0","225768","20/4/2024 09:16:23"
"767047321339","225768","31/3/2024 00:00:00","5","223097","4662640","696132152","0.0546","3","20/4/2024 09:16:25","767047321340","20/4/2024 00:00:00","基金季度报告","-930797","225768","20/4/2024 09:16:23"
"767047323165","225768","31/3/2024 00:00:00","6","35007","7174183","515608532.21","0.0405","3","20/4/2024 09:16:25","767047323166","20/4/2024 00:00:00","基金季度报告","-1423900","225768","20/4/2024 09:16:23"
"767047335540","225768","31/3/2024 00:00:00","7","3252","7310874","474475722.6","0.0372","3","20/4/2024 09:16:30","767047335541","20/4/2024 00:00:00","基金季度报告","-1454100","225768","20/4/2024 09:16:23"
"767047319424","225768","31/3/2024 00:00:00","8","1928","37564197","456029351.58","0.0358","3","20/4/2024 09:16:24","767047319425","20/4/2024 00:00:00","基金季度报告","-7411100","225768","20/4/2024 09:16:23"
"767047324712","225768","31/3/2024 00:00:00","9","223247","9793313","450002732.35","0.0353","3","20/4/2024 09:16:26","767047324713","20/4/2024 00:00:00","基金季度报告","-1938276","225768","20/4/2024 09:16:23"
"767047335993","225768","31/3/2024 00:00:00","10","1774","15267114","429463916.82","0.0337","3","20/4/2024 09:16:30","767047335994","20/4/2024 00:00:00","基金季度报告","-3143180","225768","20/4/2024 09:16:23"
